No,category,productName,price,productBrand,imgUrl1,imgUrl2,imgUrl3,imgUrl4,productSiteLink
1,brandnew,NIKE x Scoot cols ambious special low-sneakers,450000,NIKE,front-1.jpg,rear-1.jpg,left-1.jpg,right-1.jpg,https://kream.co.kr/products/21935
2,collection,ADIDAS x Pipen New region by Chicago 1989,650000,ADIDAS,front-1.jpg,rear-1.jpg,left-1.jpg,right-1.jpg,https://kream.co.kr/products/28029?fetchRelated=true
3,luxary,CHANNEL XIO-4 dark-yellow x supream,4999000,CHANNEL,front-1.jpg,rear-1.jpg,left-1.jpg,right-1.jpg,https://kream.co.kr/products/83900?fetchRelated=true
4,trend,Salomon hexa-selectors new Array by ezen,1270000,SALOMON,front-1.jpg,rear-1.jpg,left-1.jpg,right-1.jpg,https://kream.co.kr/products/23626
5,ootd,NIKE x Scoot cols ambious special low-sneakers,450000,NIKE,front-1.jpg,rear-1.jpg,left-1.jpg,right-1.jpg,https://kream.co.kr/products/129482
6,brandnew,ADIDAS x Pipen New region by Chicago 1989,650000,ADIDAS,front-1.jpg,rear-1.jpg,left-1.jpg,right-1.jpg,https://kream.co.kr/products/21935
7,collection,CHANNEL XIO-4 dark-yellow x supream,4999000,CHANNEL,front-1.jpg,rear-1.jpg,left-1.jpg,right-1.jpg,https://kream.co.kr/products/28029?fetchRelated=true
8,luxary,Salomon hexa-selectors new Array by ezen,1270000,SALOMON,front-1.jpg,rear-1.jpg,left-1.jpg,right-1.jpg,https://kream.co.kr/products/83900?fetchRelated=true
9,trend,NIKE x Scoot cols ambious special low-sneakers,4999000,NIKE,front-1.jpg,rear-1.jpg,left-1.jpg,right-1.jpg,https://kream.co.kr/products/23626
10,ootd,ADIDAS x Pipen New region by Chicago 1989,1270000,ADIDAS,front-1.jpg,rear-1.jpg,left-1.jpg,right-1.jpg,https://kream.co.kr/products/129482
11,brandnew,CHANNEL XIO-4 dark-yellow x supream,450000,CHANNEL,front-1.jpg,rear-1.jpg,left-1.jpg,right-1.jpg,https://kream.co.kr/products/21935
12,collection,Salomon hexa-selectors new Array by ezen,650000,SALOMON,front-1.jpg,rear-1.jpg,left-1.jpg,right-1.jpg,https://kream.co.kr/products/28029?fetchRelated=true
13,luxary,NIKE x Scoot cols ambious special low-sneakers,450000,NIKE,front-1.jpg,rear-1.jpg,left-1.jpg,right-1.jpg,https://kream.co.kr/products/83900?fetchRelated=true
14,trend,ADIDAS x Pipen New region by Chicago 1989,650000,ADIDAS,front-1.jpg,rear-1.jpg,left-1.jpg,right-1.jpg,https://kream.co.kr/products/23626
15,ootd,CHANNEL XIO-4 dark-yellow x supream,4999000,CHANNEL,front-1.jpg,rear-1.jpg,left-1.jpg,right-1.jpg,https://kream.co.kr/products/129482
16,brandnew,Salomon hexa-selectors new Array by ezen,1270000,SALOMON,front-1.jpg,rear-1.jpg,left-1.jpg,right-1.jpg,https://kream.co.kr/products/21935
17,collection,NIKE x Scoot cols ambious special low-sneakers,450000,NIKE,front-1.jpg,rear-1.jpg,left-1.jpg,right-1.jpg,https://kream.co.kr/products/28029?fetchRelated=true
18,luxary,ADIDAS x Pipen New region by Chicago 1989,650000,ADIDAS,front-1.jpg,rear-1.jpg,left-1.jpg,right-1.jpg,https://kream.co.kr/products/83900?fetchRelated=true
19,trend,CHANNEL XIO-4 dark-yellow x supream,4999000,CHANNEL,front-1.jpg,rear-1.jpg,left-1.jpg,right-1.jpg,https://kream.co.kr/products/23626
20,ootd,Salomon hexa-selectors new Array by ezen,1270000,SALOMON,front-1.jpg,rear-1.jpg,left-1.jpg,right-1.jpg,https://kream.co.kr/products/129482